"column_label","household","phase","semihour_total"
"1","04",0,0.0869077316197362
"1","04",0,0.0834597225532725
"1","04",0,0.0842138228729072
"1","04",0,0.0839045128944698
"1","04",0,0.0838189921321664
"1","04",0,0.0827109984208524
"1","04",0,0.08016044884069
"1","04",0,0.0823606532699138
"1","04",0,0.0811856537798072
"1","04",0,0.0802761600279046
"1","04",0,0.0804762067770167
"1","04",0,0.0802044474543379
"1","04",0,0.0785252197095383
"1","04",0,0.0782403478132927
"1","04",0,0.0787846861022324
"1","04",0,0.0792378251610857
"1","04",0,0.0781794992592593
"1","04",0,0.0756368478792491
"1","04",0,0.0786867080162354
"1","04",0,0.298113880156012
"1","04",0,0.652888716773212
"1","04",0,0.654071058340944
"1","04",0,0.651687759015728
"1","04",0,0.63389746242136
"1","04",0,0.595134069200913
"1","04",0,0.460487439354389
"1","04",0,0.345872020237189
"1","04",0,0.246310409842719
"1","04",0,0.178917617746068
"1","04",0,0.154809233118975
"1","04",0,0.134653905390665
"1","04",0,0.114207520998224
"1","04",0,0.0941473030238458
"1","04",0,0.089631396709792
"1","04",0,0.0867137251763064
"1","04",0,0.0868429174074074
"1","04",0,0.0792375462595129
"1","04",0,0.0819239986542364
"1","04",0,0.116177266808727
"1","04",0,0.106761976425672
"1","04",0,0.0937873539776763
"1","04",0,0.100014093650431
"1","04",0,0.111068047437849
"1","04",0,0.110960392449264
"1","04",0,0.105838781270928
"1","04",0,0.102947564126078
"1","04",0,0.109004464567478
"1","04",0,0.11634500194825
"1","04",0,0.12584178971588
"1","04",0,0.111383870602486
"1","04",0,0.100946861295028
"1","04",0,0.108671031038813
"1","04",0,0.109574511305175
"1","04",0,0.107220768413242
"1","04",0,0.107066765853628
"1","04",0,0.105563862015474
"1","04",0,0.110323121429477
"1","04",0,0.114286749610604
"1","04",0,0.111713382535515
"1","04",0,0.102832385483257
"1","04",0,0.103143020333587
"1","04",0,0.122080499705733
"1","04",0,0.116681495254947
"1","04",0,0.116273905429985
"1","04",0,0.119346066523338
"1","04",0,0.126894222102993
"1","04",0,0.141517698211568
"1","04",0,0.171252640527651
"1","04",0,0.188336014580162
"1","04",0,0.175764006314054
"1","04",0,0.18122594141172
"1","04",0,0.162099599118468
"1","04",0,0.149150618543886
"1","04",0,0.134938208200152
"1","04",0,0.122367116036276
"1","04",0,0.110260088441147
"1","04",0,0.10268498257103
"1","04",0,0.101655576347032
"1","04",0,0.110109876098427
"1","04",0,0.122631228967529
"1","04",0,0.117200826736428
"1","04",0,0.104698115208016
"1","04",0,0.0999139106760528
"1","04",0,0.102152707115677
"1","04",0,0.10631877408549
"1","04",0,0.119820859803399
"1","04",0,0.113693374247844
"1","04",0,0.101276042739726
"1","04",0,0.110714495599949
"1","04",0,0.104546957435312
"1","04",0,0.11202119526002
"1","04",0,0.110625960537798
"1","04",0,0.104197988768392
"1","04",0,0.103881003782344
"1","04",0,0.105573985696347
"1","04",0,0.103682837600203
"1","04",0,0.0995163954198376
"1","04",0,0.106185080847286
"1","04",0,0.106238946480213
"1","04",0,0.105910583902841
"1","04",0,0.10701353602486
"1","04",0,0.110795708795028
"1","04",0,0.110409092336377
"1","04",0,0.120501273385337
"1","04",0,0.125647338839422
"1","04",0,0.127365131974886
"1","04",0,0.138251351307712
"1","04",0,0.138594280596144
"1","04",0,0.152873032016743
"1","04",0,0.169841076744039
"1","04",0,0.164395609625824
"1","04",0,0.140734946368595
"1","04",0,0.136302000343734
"1","04",0,0.136647975574581
"1","04",0,0.1356574647552
"1","04",0,0.135409570564434
"1","04",0,0.124079736478945
"1","04",0,0.124902728578133
"1","04",0,0.131527653871131
"1","04",0,0.1313487297552
"1","04",0,0.128462217138508
"1","04",0,0.131777856660325
"1","04",0,0.130848566452308
"1","04",0,0.12953871391933
"1","04",0,0.133676746376205
"1","04",0,0.132757815617707
"1","04",0,0.129985810348808
"1","04",0,0.133603118565449
"1","04",0,0.132659508481735
"1","04",0,0.13087075220066
"1","04",0,0.132422425971588
"1","04",0,0.129995475580923
"1","04",0,0.128037905517504
"1","04",0,0.123962272236175
"1","04",0,0.116838182638255
"1","04",0,0.111277715695079
"1","04",0,0.105498792039574
"1","04",0,0.100070478042872
"1","04",0,0.0949733734005581
"1","04",0,0.092856010310756
"1","04",0,0.0930745540144597
"1","04",0,0.0922868089003044
"1","04",0,0.0908622447095383
"1","04",0,0.0883084674150178
"1","04",1,0.0617526784512938
"1","04",1,0.0596552907407407
"1","04",1,0.0599086371562659
"1","04",1,0.0600479128513445
"1","04",1,0.0598274098617453
"1","04",1,0.058669522891933
"1","04",1,0.0574769088444952
"1","04",1,0.0591821245509893
"1","04",1,0.0582093629845256
"1","04",1,0.0574380287430238
"1","04",1,0.0575227653373922
"1","04",1,0.0578746309297311
"1","04",1,0.055859173500761
"1","04",1,0.0561264683828006
"1","04",1,0.0561738534500254
"1","04",1,0.0569753420319635
"1","04",1,0.0555160447425165
"1","04",1,0.0539391006785895
"1","04",1,0.0556313730327245
"1","04",1,0.1659219218379
"1","04",1,0.342035788694825
"1","04",1,0.34357977670345
"1","04",1,0.342023213518518
"1","04",1,0.335131611303907
"1","04",1,0.316673079686707
"1","04",1,0.246955315608828
"1","04",1,0.190362998547692
"1","04",1,0.141335268471588
"1","04",1,0.108002292114409
"1","04",1,0.0965784251661593
"1","04",1,0.0817685964878234
"1","04",1,0.0736177747564688
"1","04",1,0.0641142205162354
"1","04",1,0.0631706259322679
"1","04",1,0.0610878589941654
"1","04",1,0.0596216834627093
"1","04",1,0.0541238542909691
"1","04",1,0.0541162000811771
"1","04",1,0.0621394493112633
"1","04",1,0.0573210216971081
"1","04",1,0.0577953516324201
"1","04",1,0.0601406283789954
"1","04",1,0.0667375959107052
"1","04",1,0.06834514072552
"1","04",1,0.0609818795890411
"1","04",1,0.0596476073845764
"1","04",1,0.0653111780707763
"1","04",1,0.0694734124099442
"1","04",1,0.0762786258663115
"1","04",1,0.0655978266717402
"1","04",1,0.0596728489079148
"1","04",1,0.06522574731862
"1","04",1,0.0673903469127347
"1","04",1,0.0653483603665652
"1","04",1,0.0688680685679858
"1","04",1,0.0680146458739219
"1","04",1,0.070530251094622
"1","04",1,0.0730549293150685
"1","04",1,0.0672253719469812
"1","04",1,0.0662915139180619
"1","04",1,0.0691197498642821
"1","04",1,0.0774034064459665
"1","04",1,0.0753243716539827
"1","04",1,0.0798911230936073
"1","04",1,0.0776895125418569
"1","04",1,0.0816820964814815
"1","04",1,0.0933717313774734
"1","04",1,0.105614875412227
"1","04",1,0.116642907149924
"1","04",1,0.11495694602486
"1","04",1,0.116531116849315
"1","04",1,0.109979912682648
"1","04",1,0.0994714334791984
"1","04",1,0.0873130714865551
"1","04",1,0.0796478511732623
"1","04",1,0.0767228433574328
"1","04",1,0.0703255908269914
"1","04",1,0.069219134689244
"1","04",1,0.0754517439041096
"1","04",1,0.0772580216248097
"1","04",1,0.0752701040918316
"1","04",1,0.0665971721321664
"1","04",1,0.0634302531240487
"1","04",1,0.0648708380936073
"1","04",1,0.0710745063736682
"1","04",1,0.0748002571803653
"1","04",1,0.069153563876205
"1","04",1,0.0659057014472349
"1","04",1,0.0666519293937088
"1","04",1,0.0700163858409437
"1","04",1,0.0724874202498732
"1","04",1,0.0697897041260781
"1","04",1,0.0693942764751395
"1","04",1,0.0693294944736175
"1","04",1,0.0667359367592593
"1","04",1,0.0676519086643836
"1","04",1,0.0651354997590056
"1","04",1,0.0648990716971081
"1","04",1,0.0674852135857433
"1","04",1,0.0671212381722476
"1","04",1,0.0652606611288686
"1","04",1,0.0656282992605277
"1","04",1,0.0665666925012684
"1","04",1,0.0720766647488584
"1","04",1,0.0791149433219178
"1","04",1,0.0787141653881279
"1","04",1,0.079435979753932
"1","04",1,0.0778085581392694
"1","04",1,0.0833275087290715
"1","04",1,0.0888057354794521
"1","04",1,0.0888828758358701
"1","04",1,0.0764687376281076
"1","04",1,0.0718441513838153
"1","04",1,0.0729630117922374
"1","04",1,0.0718551265537798
"1","04",1,0.0701437796258245
"1","04",1,0.0661739568150685
"1","04",1,0.0677087520040588
"1","04",1,0.0689013679452055
"1","04",1,0.0696739513876205
"1","04",1,0.069004660246068
"1","04",1,0.0669463729312532
"1","04",1,0.0686810522082699
"1","04",1,0.067248141586758
"1","04",1,0.0708945057153729
"1","04",1,0.0718760590728057
"1","04",1,0.0694867673997971
"1","04",1,0.0687814162011669
"1","04",1,0.0672476600608828
"1","04",1,0.0667903923059361
"1","04",1,0.0666150644330289
"1","04",1,0.0654783956836631
"1","04",1,0.0650352233587012
"1","04",1,0.0657889576268392
"1","04",1,0.0646920232787925
"1","04",1,0.0661060525114155
"1","04",1,0.0669213904299848
"1","04",1,0.0661135966755454
"1","04",1,0.0637006795801624
"1","04",1,0.0647403174226281
"1","04",1,0.0653104660147133
"1","04",1,0.0645893323148148
"1","04",1,0.0643839909601725
"1","04",1,0.0639959344190766
"1","04",2,0.000256726462455606
"1","04",2,0.000259726119989853
"1","04",2,0.000224338165905632
"1","04",2,0.000218410613901573
"1","04",2,0.000221834303652968
"1","04",2,0.00019221799847793
"1","04",2,0.00020361904109589
"1","04",2,0.000256895361491629
"1","04",2,0.000212431234145104
"1","04",2,0.000198887106798579
"1","04",2,0.000218716440892948
"1","04",2,0.000228847111872146
"1","04",2,0.000177467762557078
"1","04",2,0.00019159851978691
"1","04",2,0.000208137330035515
"1","04",2,0.000227755986808727
"1","04",2,0.000207193627600203
"1","04",2,0.000233818115169964
"1","04",2,0.000682212823439878
"1","04",2,0.110905900440132
"1","04",2,0.288456800811771
"1","04",2,0.289269818201421
"1","04",2,0.2875735379414
"1","04",2,0.276468153014967
"1","04",2,0.256300938311771
"1","04",2,0.191926104363267
"1","04",2,0.13350169485794
"1","04",2,0.0833135339675292
"1","04",2,0.0491289816045155
"1","04",2,0.0358981352333841
"1","04",2,0.0288569576725013
"1","04",2,0.0193410060032978
"1","04",2,0.00854466101217656
"1","04",2,0.00524631869355657
"1","04",2,0.00412557141045155
"1","04",2,0.0040599206709792
"1","04",2,0.000396879747590056
"1","04",2,0.000445696915271436
"1","04",2,0.00119930755327245
"1","04",2,0.000703284255454084
"1","04",2,0.00177596446727549
"1","04",2,0.00232351454845256
"1","04",2,0.00384416507356672
"1","04",2,0.004600479543379
"1","04",2,0.0044005283231862
"1","04",2,0.00472350496194825
"1","04",2,0.0046892058231862
"1","04",2,0.0074812714485033
"1","04",2,0.009824270731862
"1","04",2,0.00802590471968544
"1","04",2,0.00410211191907661
"1","04",2,0.00740065008371385
"1","04",2,0.00793814694063927
"1","04",2,0.00712434463850837
"1","04",2,0.00656596839548453
"1","04",2,0.00796793472475901
"1","04",2,0.0105631680225774
"1","04",2,0.0111970630606291
"1","04",2,0.0109909976103501
"1","04",2,0.00850798954591578
"1","04",2,0.00955747441780822
"1","04",2,0.0137073050304414
"1","04",2,0.0131233104134957
"1","04",2,0.0130967265740741
"1","04",2,0.0130128627650939
"1","04",2,0.0179407997323694
"1","04",2,0.023339602470827
"1","04",2,0.0331163855098935
"1","04",2,0.0394094517351598
"1","04",2,0.0322617002308473
"1","04",2,0.0327295455745814
"1","04",2,0.0248489530010147
"1","04",2,0.0200331280035515
"1","04",2,0.0136807396270928
"1","04",2,0.0110077187113141
"1","04",2,0.00772140366565195
"1","04",2,0.00382890458650431
"1","04",2,0.00598037453450025
"1","04",2,0.00569603871385084
"1","04",2,0.00907432520167428
"1","04",2,0.00783909029299848
"1","04",2,0.00580746222729579
"1","04",2,0.00324115937341451
"1","04",2,0.00418303333460172
"1","04",2,0.0056472419051243
"1","04",2,0.0101699104058853
"1","04",2,0.0100734902257737
"1","04",2,0.00571547771435819
"1","04",2,0.00657622068746829
"1","04",2,0.00460076144977169
"1","04",2,0.00854672421359716
"1","04",2,0.00781249058092339
"1","04",2,0.00609476111364789
"1","04",2,0.00665620704464739
"1","04",2,0.00526289672881786
"1","04",2,0.00581237576357179
"1","04",2,0.00636186106037544
"1","04",2,0.00659366345002537
"1","04",2,0.00722170448249619
"1","04",2,0.00743308532090309
"1","04",2,0.00481917574200913
"1","04",2,0.0069413370421106
"1","04",2,0.00468944979452055
"1","04",2,0.00364481115296804
"1","04",2,0.00510587922628108
"1","04",2,0.0048809557623034
"1","04",2,0.00478611393581938
"1","04",2,0.0055023980035515
"1","04",2,0.00691892559233891
"1","04",2,0.00749578391933029
"1","04",2,0.00692663467021816
"1","04",2,0.00492098884576357
"1","04",2,0.00345940710172501
"1","04",2,0.00420460108320649
"1","04",2,0.00424613246575342
"1","04",2,0.00332744667808219
"1","04",2,0.00290599732749873
"1","04",2,0.00302582678082192
"1","04",2,0.00293235021055302
"1","04",2,0.00317880997463217
"1","04",2,0.00277094474378488
"1","04",2,0.00317129174911213
"1","04",2,0.00350557976154236
"1","04",2,0.00319294648274987
"1","04",2,0.00246335644216134
"1","04",2,0.00287813053652968
"1","04",2,0.00174579124302385
"1","04",2,0.00147086245180112
"1","04",2,0.000991786478944698
"1","04",2,0.00102120728944698
"1","04",2,0.00175220983510908
"1","04",2,0.00189919585235921
"1","04",2,0.00194108220065956
"1","04",2,0.00226024377853881
"1","04",2,0.00170901837011669
"1","04",2,0.00107276335489599
"1","04",2,0.000678588447488585
"1","04",2,0.000650981837899543
"1","04",2,0.000482729681633689
"1","04",2,0.000482719171740233
"1","04",2,0.00053028638254693
"1","04",2,0.00120170633688483
"1","04",2,0.000525122317351598
"1","04",2,0.000306026057838661
"1","04",3,0.0248983265131913
"1","04",3,0.0235447056976154
"1","04",3,0.024080847775241
"1","04",3,0.0236381895192796
"1","04",3,0.0237697479350583
"1","04",3,0.0238492581418062
"1","04",3,0.022479920761035
"1","04",3,0.0229216328475393
"1","04",3,0.0227638585882801
"1","04",3,0.0226392442541857
"1","04",3,0.0227347252054795
"1","04",3,0.0221009696461187
"1","04",3,0.0224885783460173
"1","04",3,0.0219222810679858
"1","04",3,0.0224026952130898
"1","04",3,0.0220347269951801
"1","04",3,0.0224562611212582
"1","04",3,0.0214639295129376
"1","04",3,0.0223731221714866
"1","04",3,0.021286058108828
"1","04",3,0.022396124514206
"1","04",3,0.0212214602435312
"1","04",3,0.0220910097805682
"1","04",3,0.0222976986719939
"1","04",3,0.022160055573313
"1","04",3,0.0216060161073059
"1","04",3,0.0220073255225774
"1","04",3,0.0216616081494165
"1","04",3,0.0217863453589548
"1","04",3,0.0223326728247083
"1","04",3,0.0240283504642314
"1","04",3,0.0212487400456621
"1","04",3,0.0214884209183156
"1","04",3,0.0212144525038052
"1","04",3,0.0215002944152714
"1","04",3,0.0231613131506849
"1","04",3,0.0247168119989853
"1","04",3,0.0273621007952816
"1","04",3,0.0528385104464739
"1","04",3,0.0487376710984272
"1","04",3,0.0342160383561644
"1","04",3,0.0375499502232369
"1","04",3,0.0404862855618975
"1","04",3,0.0380147715487062
"1","04",3,0.040456372768899
"1","04",3,0.0385764521004566
"1","04",3,0.0390040795180112
"1","04",3,0.039390318782344
"1","04",3,0.0397388933828006
"1","04",3,0.0377601387582445
"1","04",3,0.037171899695586
"1","04",3,0.0360446337709285
"1","04",3,0.0342460173820396
"1","04",3,0.0347480634233891
"1","04",3,0.0316327295814307
"1","04",3,0.0295812814180619
"1","04",3,0.0292297029794521
"1","04",3,0.0300347570192796
"1","04",3,0.0334970129883308
"1","04",3,0.0280328819038559
"1","04",3,0.024465796645104
"1","04",3,0.0309697893302892
"1","04",3,0.0282338139979706
"1","04",3,0.0232860551940639
"1","04",3,0.028643693261035
"1","04",3,0.0272713257521563
"1","04",3,0.0248063643074581
"1","04",3,0.0325213799720954
"1","04",3,0.0322836535476915
"1","04",3,0.0285453604147641
"1","04",3,0.0319652765068493
"1","04",3,0.0272707348198884
"1","04",3,0.029646057992136
"1","04",3,0.0339443952118214
"1","04",3,0.0317115472209538
"1","04",3,0.0258158414738711
"1","04",3,0.0285304863571791
"1","04",3,0.0264560680263825
"1","04",3,0.0289620947031963
"1","04",3,0.0362988825824455
"1","04",3,0.0340916324949264
"1","04",3,0.0322934812836124
"1","04",3,0.0332424982141045
"1","04",3,0.0330988354401319
"1","04",3,0.0295970246283612
"1","04",3,0.0348506923997971
"1","04",3,0.0344663197285642
"1","04",3,0.0296548628564181
"1","04",3,0.0374863461897514
"1","04",3,0.0299298099746322
"1","04",3,0.0309870500684932
"1","04",3,0.0330237643125317
"1","04",3,0.0287089518302892
"1","04",3,0.0278953018784881
"1","04",3,0.0335751525126839
"1","04",3,0.0302185523782344
"1","04",3,0.02801903322552
"1","04",3,0.0346923455695079
"1","04",3,0.0315320290816844
"1","04",3,0.0313562608967529
"1","04",3,0.0369336993252156
"1","04",3,0.0382260724277017
"1","04",3,0.0391529495826991
"1","04",3,0.044779796985033
"1","04",3,0.0414265152765094
"1","04",3,0.0437700102841197
"1","04",3,0.054029257506342
"1","04",3,0.0552833254134957
"1","04",3,0.0626265990106545
"1","04",3,0.073539557201928
"1","04",3,0.0685861005568239
"1","04",3,0.0593452198845764
"1","04",3,0.0609984424961948
"1","04",3,0.059480361738965
"1","04",3,0.0595562051915271
"1","04",3,0.0619383420979198
"1","04",3,0.0549997811288686
"1","04",3,0.0541681494330289
"1","04",3,0.0596939339649924
"1","04",3,0.0584959690766109
"1","04",3,0.0566866119101979
"1","04",3,0.0616601922425165
"1","04",3,0.0586619346829021
"1","04",3,0.0590976255682395
"1","04",3,0.0603188839713343
"1","04",3,0.0580036254414003
"1","04",3,0.0587532522818366
"1","04",3,0.0633508396385084
"1","04",3,0.0644200612620497
"1","04",3,0.0630591521283612
"1","04",3,0.0640551515715373
"1","04",3,0.0626178835603754
"1","04",3,0.0610615994507864
"1","04",3,0.0559130701496702
"1","04",3,0.0504371416045155
"1","04",3,0.044098899174277
"1","04",3,0.0378988122349061
"1","04",3,0.0333058992364282
"1","04",3,0.0307899651243024
"1","04",3,0.027632973600964
"1","04",3,0.0272338014675292
"1","04",3,0.0264957706570269
"1","04",3,0.0259531314320142
"1","04",3,0.0240065066045155
"2","05",0,0.458941395192506
"2","05",0,0.277049855489664
"2","05",0,0.188816808585271
"2","05",0,0.134318509475452
"2","05",0,0.110222246580103
"2","05",0,0.101855722586563
"2","05",0,0.126134070094315
"2","05",0,0.147002998888889
"2","05",0,0.168968272317829
"2","05",0,0.195251697788114
"2","05",0,0.197365530430233
"2","05",0,0.17512641402584
"2","05",0,0.182098085631783
"2","05",0,0.217109087830749
"2","05",0,0.210335284994832
"2","05",0,0.155658070899225
"2","05",0,0.148186378091731
"2","05",0,0.133133462516796
"2","05",0,0.0891764142622739
"2","05",0,0.0808746885322997
"2","05",0,0.0829173541757106
"2","05",0,0.0718218459728682
"2","05",0,0.0624759257635659
"2","05",0,0.0663144129509044
"2","05",0,0.0753640025607235
"2","05",0,0.0687546834664083
"2","05",0,0.0621066825684755
"2","05",0,0.0616628144405685
"2","05",0,0.0564648886459948
"2","05",0,0.0556126102622739
"2","05",0,0.0539663754883721
"2","05",0,0.0497318626033592
"2","05",0,0.0488259796072351
"2","05",0,0.0480530765775194
"2","05",0,0.046791269369509
"2","05",0,0.0452357379366925
"2","05",0,0.0607949290258398
"2","05",0,0.0591475854534884
"2","05",0,0.0631504957351421
"2","05",0,0.0853920068604651
"2","05",0,0.0721926482764858
"2","05",0,0.0713883568656331
"2","05",0,0.141036782307494
"2","05",0,0.187780240192506
"2","05",0,0.18895646074031
"2","05",0,0.188579236003876
"2","05",0,0.162094343404393
"2","05",0,0.126535457490956
"2","05",0,0.11895820672739
"2","05",0,0.106776532121447
"2","05",0,0.108198563262274
"2","05",0,0.112004592378553
"2","05",0,0.10542442350646
"2","05",0,0.114414827903101
"2","05",0,0.118998687828165
"2","05",0,0.119334112648579
"2","05",0,0.112984123978036
"2","05",0,0.10729856551938
"2","05",0,0.11425344901938
"2","05",0,0.114935153586563
"2","05",0,0.116009886315245
"2","05",0,0.118050985617571
"2","05",0,0.123285246616279
"2","05",0,0.125752548029716
"2","05",0,0.12849812023385
"2","05",0,0.127503267649871
"2","05",0,0.122939073325581
"2","05",0,0.128541572478036
"2","05",0,0.143072296928941
"2","05",0,0.17716504125323
"2","05",0,0.207644731372093
"2","05",0,0.216056806724806
"2","05",0,0.171398218807494
"2","05",0,0.130088477527132
"2","05",0,0.12093481477261
"2","05",0,0.117481236144703
"2","05",0,0.111788085927649
"2","05",0,0.115064025016796
"2","05",0,0.124038378603359
"2","05",0,0.12230713125969
"2","05",0,0.120062044430233
"2","05",0,0.118062097722222
"2","05",0,0.122184756899225
"2","05",0,0.114316983338501
"2","05",0,0.118623038922481
"2","05",0,0.120305595996124
"2","05",0,0.117689226537468
"2","05",0,0.110674364095607
"2","05",0,0.107636376465116
"2","05",0,0.10870503252584
"2","05",0,0.110494201516796
"2","05",0,0.112275647865633
"2","05",0,0.113369863554264
"2","05",0,0.112409481413437
"2","05",0,0.116369115997416
"2","05",0,0.113812644651163
"2","05",0,0.110555203906977
"2","05",0,0.112577610239018
"2","05",0,0.117307797209302
"2","05",0,0.119605506864341
"2","05",0,0.119128084306202
"2","05",0,0.123069481196382
"2","05",0,0.132097317735142
"2","05",0,0.130593782370801
"2","05",0,0.151079907267442
"2","05",0,0.142543301861757
"2","05",0,0.130398539614987
"2","05",0,0.128678880869509
"2","05",0,0.133082535418605
"2","05",0,0.131835343689922
"2","05",0,0.132448071152455
"2","05",0,0.134396753797158
"2","05",0,0.140730783166667
"2","05",0,0.138577775344961
"2","05",0,0.167699041102067
"2","05",0,0.197054064050388
"2","05",0,0.195389240180879
"2","05",0,0.194257310021964
"2","05",0,0.179817355617571
"2","05",0,0.169802193018088
"2","05",0,0.145705748706718
"2","05",0,0.132091157250646
"2","05",0,0.148628251666667
"2","05",0,0.131407361416021
"2","05",0,0.14852226427261
"2","05",0,0.142716814934109
"2","05",0,0.130330905899225
"2","05",0,0.134135203082687
"2","05",0,0.113067400121447
"2","05",0,0.106966852643411
"2","05",0,0.0969487922260982
"2","05",0,0.0872005172829457
"2","05",0,0.0736240775206718
"2","05",0,0.0668248557170543
"2","05",0,0.057498847374677
"2","05",0,0.0548924056912145
"2","05",0,0.0535521771175711
"2","05",0,0.0525549512648579
"2","05",0,0.0513604257403101
"2","05",0,0.0518587809715762
"2","05",0,0.0515931558113695
"2","05",0,0.556807545310077
"2","05",0,0.574722640432817
"2","05",0,0.557203439781654
"2","05",1,0.155734255547804
"2","05",1,0.0950411350684754
"2","05",1,0.0653881535400517
"2","05",1,0.0469340609509044
"2","05",1,0.0389800510813954
"2","05",1,0.0372469230271318
"2","05",1,0.0459659560193798
"2","05",1,0.0543724269560724
"2","05",1,0.0616128698359173
"2","05",1,0.0704496679405685
"2","05",1,0.0699103624806202
"2","05",1,0.0654222422002584
"2","05",1,0.070503191502584
"2","05",1,0.0843816757260982
"2","05",1,0.0826366250684755
"2","05",1,0.0656477066563308
"2","05",1,0.0652514850568475
"2","05",1,0.0555577178410853
"2","05",1,0.0465098520219638
"2","05",1,0.0439285235090439
"2","05",1,0.0448463231033592
"2","05",1,0.0362663048837209
"2","05",1,0.0296148744780362
"2","05",1,0.0324370216550388
"2","05",1,0.0359646674095607
"2","05",1,0.0309495137054264
"2","05",1,0.0277679709302326
"2","05",1,0.0276937489909561
"2","05",1,0.0243953265077519
"2","05",1,0.0243812218888889
"2","05",1,0.0240008348242894
"2","05",1,0.0210206039844961
"2","05",1,0.0202803710904393
"2","05",1,0.0188843209276486
"2","05",1,0.0175408703204134
"2","05",1,0.0160459980219638
"2","05",1,0.0217792356537468
"2","05",1,0.0234422966343669
"2","05",1,0.0230161067015504
"2","05",1,0.0240366083268734
"2","05",1,0.0241052796162791
"2","05",1,0.0224034024031008
"2","05",1,0.0903227109095607
"2","05",1,0.133827631874677
"2","05",1,0.135974577760982
"2","05",1,0.133573186874677
"2","05",1,0.10989071077261
"2","05",1,0.0702068186770026
"2","05",1,0.0400423009237726
"2","05",1,0.0300063083204134
"2","05",1,0.0294027564612403
"2","05",1,0.0297273020439276
"2","05",1,0.0299906978204134
"2","05",1,0.0353667219392765
"2","05",1,0.0370618403307494
"2","05",1,0.0381038312312661
"2","05",1,0.0351378171782946
"2","05",1,0.0333774417906977
"2","05",1,0.0393616466033592
"2","05",1,0.0398908498217054
"2","05",1,0.0409089200684754
"2","05",1,0.0418600982906977
"2","05",1,0.0448259204444444
"2","05",1,0.0471082080633075
"2","05",1,0.041207181627907
"2","05",1,0.0425074356072351
"2","05",1,0.0407283990232558
"2","05",1,0.0451751219405685
"2","05",1,0.0503369439612403
"2","05",1,0.0597623065542636
"2","05",1,0.064368674503876
"2","05",1,0.0671166199870801
"2","05",1,0.0567125345620155
"2","05",1,0.0465770210310078
"2","05",1,0.0398135409405685
"2","05",1,0.0437207908036176
"2","05",1,0.0407150490956072
"2","05",1,0.0421716574276486
"2","05",1,0.0511215758630491
"2","05",1,0.0502526543875969
"2","05",1,0.0489532932894057
"2","05",1,0.0466243787674419
"2","05",1,0.0480800092997416
"2","05",1,0.0426259884315245
"2","05",1,0.0436046657958656
"2","05",1,0.0420306090155039
"2","05",1,0.0426267787157623
"2","05",1,0.040549765372093
"2","05",1,0.039045402750646
"2","05",1,0.038120296124031
"2","05",1,0.0380929452235142
"2","05",1,0.0377573617002584
"2","05",1,0.0384448071976744
"2","05",1,0.0361832821627907
"2","05",1,0.0378094405490956
"2","05",1,0.0358666130322997
"2","05",1,0.0342654586860465
"2","05",1,0.0358476815697674
"2","05",1,0.0391420431602067
"2","05",1,0.0365293176976744
"2","05",1,0.0373056411369509
"2","05",1,0.0371551189302326
"2","05",1,0.0415376010103359
"2","05",1,0.0398910209237726
"2","05",1,0.0463150365232558
"2","05",1,0.0437892649263566
"2","05",1,0.0383188823837209
"2","05",1,0.0344313121886305
"2","05",1,0.0355024706162791
"2","05",1,0.0334481494909561
"2","05",1,0.0329338509844961
"2","05",1,0.0340720891459948
"2","05",1,0.0377085947183463
"2","05",1,0.0340762226950904
"2","05",1,0.0442729982105943
"2","05",1,0.050923331749354
"2","05",1,0.0432678028217054
"2","05",1,0.0400467152312661
"2","05",1,0.0373951105413437
"2","05",1,0.0394125622054264
"2","05",1,0.0364076542299742
"2","05",1,0.0320909544121447
"2","05",1,0.0395438113630491
"2","05",1,0.0376083113462532
"2","05",1,0.0434319467416021
"2","05",1,0.0393805598837209
"2","05",1,0.0340560285736434
"2","05",1,0.0359243560994832
"2","05",1,0.0339303919857881
"2","05",1,0.0336765219444444
"2","05",1,0.0362902481718346
"2","05",1,0.0364875577028424
"2","05",1,0.0330195203178295
"2","05",1,0.0297385275142119
"2","05",1,0.022123631626615
"2","05",1,0.0210770604702842
"2","05",1,0.0199787904793282
"2","05",1,0.0192565575968992
"2","05",1,0.0182941549599483
"2","05",1,0.0182874965956072
"2","05",1,0.019396497122739
"2","05",1,0.188146430609819
"2","05",1,0.193730037939276
"2","05",1,0.187803335937984
"2","05",2,0.143382908174419
"2","05",2,0.0826025145943153
"2","05",2,0.0529733209573643
"2","05",2,0.0348097406847545
"2","05",2,0.0267113961563307
"2","05",2,0.0238831108578811
"2","05",2,0.0317239289651163
"2","05",2,0.0383199348036176
"2","05",2,0.0459792173229974
"2","05",2,0.0553146729418605
"2","05",2,0.055705849622739
"2","05",2,0.0479831296459948
"2","05",2,0.0493007236020672
"2","05",2,0.0611161891472868
"2","05",2,0.0591325739160207
"2","05",2,0.0397327064806202
"2","05",2,0.0375719486382429
"2","05",2,0.0328257515478036
"2","05",2,0.0187341970581395
"2","05",2,0.0139222258617571
"2","05",2,0.0146091632700258
"2","05",2,0.0124308095878553
"2","05",2,0.0097943859496124
"2","05",2,0.0111639461033592
"2","05",2,0.0169793263914729
"2","05",2,0.0153291399509044
"2","05",2,0.0112799637118863
"2","05",2,0.010216918996124
"2","05",2,0.0088692486124031
"2","05",2,0.0077708044754522
"2","05",2,0.00773446320671835
"2","05",2,0.00655208621059431
"2","05",2,0.00595830444056848
"2","05",2,0.00664455079069767
"2","05",2,0.00526445868217054
"2","05",2,0.00523459082041344
"2","05",2,0.00701174350904393
"2","05",2,0.00659798856459948
"2","05",2,0.00810536309173127
"2","05",2,0.00936929914728682
"2","05",2,0.00751523328036176
"2","05",2,0.00781531631524548
"2","05",2,0.00916889359431525
"2","05",2,0.0104386496821705
"2","05",2,0.0121850058062016
"2","05",2,0.0141564185452196
"2","05",2,0.0118948426537468
"2","05",2,0.0105012810478036
"2","05",2,0.0124672591033592
"2","05",2,0.0116080502118863
"2","05",2,0.0132333675645995
"2","05",2,0.0151193319186047
"2","05",2,0.0111452428294574
"2","05",2,0.0111393396589147
"2","05",2,0.0121160187855297
"2","05",2,0.0134051436834625
"2","05",2,0.011854314745478
"2","05",2,0.0108032514715762
"2","05",2,0.0103062177648579
"2","05",2,0.011385256248062
"2","05",2,0.0117852244767442
"2","05",2,0.0135392010904393
"2","05",2,0.0156238605671835
"2","05",2,0.0135374732093023
"2","05",2,0.0172990850645995
"2","05",2,0.0171454831124031
"2","05",2,0.0167455501705426
"2","05",2,0.0162915702881137
"2","05",2,0.0203845512054264
"2","05",2,0.0282927832170543
"2","05",2,0.0338858152713178
"2","05",2,0.0335651274082687
"2","05",2,0.0219760900775194
"2","05",2,0.0129579380775194
"2","05",2,0.0120961141059432
"2","05",2,0.0100898434832041
"2","05",2,0.0110745052829457
"2","05",2,0.0117125005090439
"2","05",2,0.0135234299935401
"2","05",2,0.0141279350374677
"2","05",2,0.0117266224586563
"2","05",2,0.0113787733320413
"2","05",2,0.0126627857700258
"2","05",2,0.0118102959935401
"2","05",2,0.0139216922674419
"2","05",2,0.0148595380839793
"2","05",2,0.0136852332222222
"2","05",2,0.0113832739780362
"2","05",2,0.00969479210852713
"2","05",2,0.00921482444056848
"2","05",2,0.0105426095633075
"2","05",2,0.0128850152571059
"2","05",2,0.0133031138630491
"2","05",2,0.0132493904082687
"2","05",2,0.0156763101382429
"2","05",2,0.0148842891989664
"2","05",2,0.0152597934095607
"2","05",2,0.015224177498708
"2","05",2,0.0145882480801034
"2","05",2,0.0182441061718346
"2","05",2,0.0183554509780362
"2","05",2,0.0194934929043928
"2","05",2,0.0215319860865633
"2","05",2,0.0203708015878553
"2","05",2,0.021865219503876
"2","05",2,0.0175898720374677
"2","05",2,0.0172305386937984
"2","05",2,0.0240626795439276
"2","05",2,0.030866253255814
"2","05",2,0.0315505414302326
"2","05",2,0.0326022152041344
"2","05",2,0.0333100048436692
"2","05",2,0.0343019148294574
"2","05",2,0.0320275505490956
"2","05",2,0.0418603410064599
"2","05",2,0.0534275592248062
"2","05",2,0.0574295994560724
"2","05",2,0.0607649202881137
"2","05",2,0.0550754701589147
"2","05",2,0.0535151629276486
"2","05",2,0.0500514713113695
"2","05",2,0.0443141505335917
"2","05",2,0.0485994099173127
"2","05",2,0.0431355874366925
"2","05",2,0.0488726728036176
"2","05",2,0.0481823558863049
"2","05",2,0.046084347002584
"2","05",2,0.0468554716602067
"2","05",2,0.0385467440374677
"2","05",2,0.0357918649883721
"2","05",2,0.0279555753540052
"2","05",2,0.0183620428281654
"2","05",2,0.0149479312235142
"2","05",2,0.0127971210103359
"2","05",2,0.0111120738656331
"2","05",2,0.0108173652041344
"2","05",2,0.00983330521317829
"2","05",2,0.00964396891343669
"2","05",2,0.00958498771705426
"2","05",2,0.00925383521834625
"2","05",2,0.00851306143410853
"2","05",2,0.17614918104522
"2","05",2,0.182314000692506
"2","05",2,0.176277010347545
"2","05",3,0.15982423250646
"2","05",3,0.0994062039224806
"2","05",3,0.0704553345219638
"2","05",3,0.0525747080439277
"2","05",3,0.0445307989521964
"2","05",3,0.0407256880271318
"2","05",3,0.0484441845594315
"2","05",3,0.0543106364573643
"2","05",3,0.0613761859173127
"2","05",3,0.0694873549625323
"2","05",3,0.0717493192105943
"2","05",3,0.0617210423875969
"2","05",3,0.0622941694341085
"2","05",3,0.0716112216330749
"2","05",3,0.0685660851111111
"2","05",3,0.0502776592041344
"2","05",3,0.0453629440322997
"2","05",3,0.0447499933410853
"2","05",3,0.0239323635788114
"2","05",3,0.023023939620155
"2","05",3,0.0234618676124031
"2","05",3,0.0231247308126615
"2","05",3,0.0230666658294574
"2","05",3,0.0227134454767442
"2","05",3,0.0224200089496124
"2","05",3,0.0224760292144703
"2","05",3,0.0230587473837209
"2","05",3,0.0237521459379845
"2","05",3,0.0232003134366925
"2","05",3,0.023460583374677
"2","05",3,0.0222310775671835
"2","05",3,0.0221591726808786
"2","05",3,0.0225873041007752
"2","05",3,0.0225242048953488
"2","05",3,0.0239859402260982
"2","05",3,0.0239551495516796
"2","05",3,0.0320039503552972
"2","05",3,0.0291073003113695
"2","05",3,0.0320290259715762
"2","05",3,0.0519861008410853
"2","05",3,0.0405721350620155
"2","05",3,0.0411696376602067
"2","05",3,0.0415451788410853
"2","05",3,0.0435139602816537
"2","05",3,0.0407968759819121
"2","05",3,0.0408496309922481
"2","05",3,0.0403087907842377
"2","05",3,0.0458273572377261
"2","05",3,0.0664486464069767
"2","05",3,0.0651621733191214
"2","05",3,0.0655624392868217
"2","05",3,0.0671579575503876
"2","05",3,0.0642884821188631
"2","05",3,0.0679087671020672
"2","05",3,0.0698208287222222
"2","05",3,0.0678251378229974
"2","05",3,0.0659919927041344
"2","05",3,0.0631178714031008
"2","05",3,0.0645855854767442
"2","05",3,0.0636590479754522
"2","05",3,0.0633157415891473
"2","05",3,0.0626516868320413
"2","05",3,0.0628354651343669
"2","05",3,0.0651068660813953
"2","05",3,0.0699918536950904
"2","05",3,0.0678503484211886
"2","05",3,0.0654651245904393
"2","05",3,0.0670748808953488
"2","05",3,0.0723508006188631
"2","05",3,0.0891099521459948
"2","05",3,0.109390239846253
"2","05",3,0.115375058644703
"2","05",3,0.092709591630491
"2","05",3,0.0705535195077519
"2","05",3,0.0690251591640827
"2","05",3,0.0636706020297158
"2","05",3,0.059998531125323
"2","05",3,0.0611798664108527
"2","05",3,0.0593933722958656
"2","05",3,0.0579265417919897
"2","05",3,0.059382128372093
"2","05",3,0.0600589460645995
"2","05",3,0.0614419620775194
"2","05",3,0.0598806985167959
"2","05",3,0.0610966807209302
"2","05",3,0.0634154484509044
"2","05",3,0.0613772147105943
"2","05",3,0.0587413246808786
"2","05",3,0.0588961816692506
"2","05",3,0.0613699116666667
"2","05",3,0.0618586469224806
"2","05",3,0.0616332710749354
"2","05",3,0.0616219425116279
"2","05",3,0.0629768092299742
"2","05",3,0.0628833653875969
"2","05",3,0.0630617422015504
"2","05",3,0.0610299513824289
"2","05",3,0.061505751251938
"2","05",3,0.0635775059534884
"2","05",3,0.0648320835439277
"2","05",3,0.0634669912816537
"2","05",3,0.0664208701007752
"2","05",3,0.069027730379845
"2","05",3,0.0703319612868217
"2","05",3,0.0828996504328165
"2","05",3,0.0811641653410853
"2","05",3,0.0748491192080103
"2","05",3,0.0701848886524548
"2","05",3,0.0667138113927649
"2","05",3,0.0668366524315245
"2","05",3,0.0669120042739018
"2","05",3,0.0670146600581395
"2","05",3,0.068720273503876
"2","05",3,0.0724740017260982
"2","05",3,0.0815657008475452
"2","05",3,0.0927031744521964
"2","05",3,0.0946918376046512
"2","05",3,0.0934456745607235
"2","05",3,0.0873467744651163
"2","05",3,0.0768744676963824
"2","05",3,0.0592466243565891
"2","05",3,0.0556860527829457
"2","05",3,0.0604850304392765
"2","05",3,0.0506634625542636
"2","05",3,0.0562176449457364
"2","05",3,0.0551538980581395
"2","05",3,0.0501905295465116
"2","05",3,0.0513553758036176
"2","05",3,0.0405902648397933
"2","05",3,0.0374984659173127
"2","05",3,0.0327029683643411
"2","05",3,0.0323509170452196
"2","05",3,0.0256566262222222
"2","05",3,0.0242892077067183
"2","05",3,0.0242631419819121
"2","05",3,0.0229979795400517
"2","05",3,0.0237400816666667
"2","05",3,0.0236544250335917
"2","05",3,0.0234812830077519
"2","05",3,0.024317449002584
"2","05",3,0.0236835975284238
"2","05",3,0.192511935002584
"2","05",3,0.198678601981912
"2","05",3,0.19312309279845
"3","06",0,0.0269947202426372
"3","06",0,0.0283612417202142
"3","06",0,0.0271896760525435
"3","06",0,0.0276556589323963
"3","06",0,0.0277832497121821
"3","06",0,0.0277879029451138
"3","06",0,0.0259690384705489
"3","06",0,0.0249035355153949
"3","06",0,0.0248511755973896
"3","06",0,0.0235514816298527
"3","06",0,0.025172225789826
"3","06",0,0.0215276922188755
"3","06",0,0.0215753505522088
"3","06",0,0.0219767276706827
"3","06",0,0.0216981642151941
"3","06",0,0.0220990867068273
"3","06",0,0.0227851718089023
"3","06",0,0.0228122944879518
"3","06",0,0.0230796273795181
"3","06",0,0.0240036394076305
"3","06",0,0.0236756704651941
"3","06",0,0.0221306428413655
"3","06",0,0.0221874175033467
"3","06",0,0.0226476098811914
"3","06",0,0.0215239828731593
"3","06",0,0.0226243071318608
"3","06",0,0.0224407807580321
"3","06",0,0.0234398589842704
"3","06",0,0.0247897312165328
"3","06",0,0.0227806284939759
"3","06",0,0.0241501288219545
"3","06",0,0.023002613601071
"3","06",0,0.0246059283199465
"3","06",0,0.0269128449882865
"3","06",0,0.028452112207162
"3","06",0,0.0275330042319277
"3","06",0,0.0279387766432396
"3","06",0,0.0326005935491968
"3","06",0,0.0337104967821285
"3","06",0,0.037981857356091
"3","06",0,0.0411952591248327
"3","06",0,0.0439111398627845
"3","06",0,0.0558225180087015
"3","06",0,0.0534430594042838
"3","06",0,0.0513110639892905
"3","06",0,0.0475159838169344
"3","06",0,0.0416814324464525
"3","06",0,0.0382122169461178
"3","06",0,0.0384747719929719
"3","06",0,0.0373116428430388
"3","06",0,0.0380173438269746
"3","06",0,0.044633494832664
"3","06",0,0.0373762121603079
"3","06",0,0.0386614296168005
"3","06",0,0.0391830253129183
"3","06",0,0.0348333339943106
"3","06",0,0.0329034107446452
"3","06",0,0.0326467070532129
"3","06",0,0.0366698423226238
"3","06",0,0.0340695879802543
"3","06",0,0.0328162131994645
"3","06",0,0.0383637915378179
"3","06",0,0.0359942050970549
"3","06",0,0.0406505306141232
"3","06",0,0.0432917941616466
"3","06",0,0.0400768562901606
"3","06",0,0.0466354415210843
"3","06",0,0.039959895
"3","06",0,0.0385403200819946
"3","06",0,0.0386103180053547
"3","06",0,0.0339639592804552
"3","06",0,0.0330355507379518
"3","06",0,0.0338283721352075
"3","06",0,0.0297745185793173
"3","06",0,0.0275519200669344
"3","06",0,0.0287761708433735
"3","06",0,0.0275354484605087
"3","06",0,0.0297398852125167
"3","06",0,0.0335006372439759
"3","06",0,0.0289106734220214
"3","06",0,0.0284527929400937
"3","06",0,0.0317031421402276
"3","06",0,0.0321617445314592
"3","06",0,0.0346807559504685
"3","06",0,0.036486861561245
"3","06",0,0.03160666937249
"3","06",0,0.0319317843490629
"3","06",0,0.0298377036713521
"3","06",0,0.0302211038771754
"3","06",0,0.0299137796921017
"3","06",0,0.0317547007546854
"3","06",0,0.0371518187349398
"3","06",0,0.0322644960174029
"3","06",0,0.0321720719427711
"3","06",0,0.0321778729300535
"3","06",0,0.0281611612600402
"3","06",0,0.0307199593390228
"3","06",0,0.0283537859956493
"3","06",0,0.03044632812249
"3","06",0,0.0314874115177376
"3","06",0,0.03411280645917
"3","06",0,0.03682188125
"3","06",0,0.0383360817653949
"3","06",0,0.0349524878062249
"3","06",0,0.0361592235793173
"3","06",0,0.0383284759939759
"3","06",0,0.0387503178012048
"3","06",0,0.0405054456475904
"3","06",0,0.0423090512784471
"3","06",0,0.0450132122874833
"3","06",0,0.0413794043591031
"3","06",0,0.0382127700251004
"3","06",0,0.0383625248694779
"3","06",0,0.0362067261044177
"3","06",0,0.0391471279133199
"3","06",0,0.0411434097088353
"3","06",0,0.0443453455153949
"3","06",0,0.0408839903865462
"3","06",0,0.0461502562416332
"3","06",0,0.043596137648929
"3","06",0,0.0432885215729585
"3","06",0,0.0414254872222222
"3","06",0,0.0458549147573628
"3","06",0,0.0399863207346051
"3","06",0,0.0468470921151272
"3","06",0,0.0474875905990629
"3","06",0,0.0432603626941098
"3","06",0,0.046267856166332
"3","06",0,0.0433737276455823
"3","06",0,0.0473013336864123
"3","06",0,0.0465741873627845
"3","06",0,0.0500662154886212
"3","06",0,0.0462095465110442
"3","06",0,0.051384746793842
"3","06",0,0.0490086424213521
"3","06",0,0.0403229715060241
"3","06",0,0.0408818025552209
"3","06",0,0.0417290390947122
"3","06",0,0.0370796964759036
"3","06",0,0.0392306850953815
"3","06",0,0.0359272257965194
"3","06",0,0.0332264801455823
"3","06",0,0.0319430011278447
"3","06",0,0.0295753659203481
"3","06",1,0.00498581809738956
"3","06",1,0.0056163038085676
"3","06",1,0.00578727922690763
"3","06",1,0.00565062948962517
"3","06",1,0.00463103806392236
"3","06",1,0.00496428270247657
"3","06",1,0.00444756880522088
"3","06",1,0.00399832763219545
"3","06",1,0.00354414775769746
"3","06",1,0.00370895463688086
"3","06",1,0.0041200441064257
"3","06",1,0.00350068811579652
"3","06",1,0.00358854149598394
"3","06",1,0.00341540877008032
"3","06",1,0.00352127462349398
"3","06",1,0.00350739969042838
"3","06",1,0.00342102079819277
"3","06",1,0.00343182398594378
"3","06",1,0.00342850243975904
"3","06",1,0.00327920356593039
"3","06",1,0.00350917064089692
"3","06",1,0.00327957865796519
"3","06",1,0.0033691266398929
"3","06",1,0.00333383758199465
"3","06",1,0.00334739966532798
"3","06",1,0.00333406930555556
"3","06",1,0.00329600508199465
"3","06",1,0.0035040103480589
"3","06",1,0.00353474543674699
"3","06",1,0.00351370625
"3","06",1,0.00530865775435074
"3","06",1,0.00428504391231593
"3","06",1,0.00594506810910308
"3","06",1,0.00698485261713521
"3","06",1,0.00720674202978581
"3","06",1,0.00718857405789826
"3","06",1,0.00743730964859438
"3","06",1,0.00854094425870147
"3","06",1,0.010503524976573
"3","06",1,0.0154889185341365
"3","06",1,0.0156780487165328
"3","06",1,0.0178412186797189
"3","06",1,0.0254267265043507
"3","06",1,0.0223558019745649
"3","06",1,0.021450025107095
"3","06",1,0.0185103232630522
"3","06",1,0.0130079574531459
"3","06",1,0.0123711918340027
"3","06",1,0.0125718273393574
"3","06",1,0.0110424792302544
"3","06",1,0.0107441228162651
"3","06",1,0.0154527768791834
"3","06",1,0.0107171989625167
"3","06",1,0.0112462617118474
"3","06",1,0.0119864720967202
"3","06",1,0.0105414865712851
"3","06",1,0.00926202640394913
"3","06",1,0.00854537802710843
"3","06",1,0.00999039873828648
"3","06",1,0.0096954243875502
"3","06",1,0.00913770878012048
"3","06",1,0.0103286578714859
"3","06",1,0.00905955357597055
"3","06",1,0.0102829474330656
"3","06",1,0.0103757901757028
"3","06",1,0.00965971799196787
"3","06",1,0.0134049276288487
"3","06",1,0.00911377573293173
"3","06",1,0.00996584739290495
"3","06",1,0.00842969489625167
"3","06",1,0.00642242137215529
"3","06",1,0.00656958551372155
"3","06",1,0.00710023881191432
"3","06",1,0.0052269271686747
"3","06",1,0.00495731937416332
"3","06",1,0.0054000247021419
"3","06",1,0.00452800675535475
"3","06",1,0.00641768606091031
"3","06",1,0.00682411673862115
"3","06",1,0.00477318455990629
"3","06",1,0.00461050950635877
"3","06",1,0.00709551821285141
"3","06",1,0.00626096556559572
"3","06",1,0.0067320334354083
"3","06",1,0.00702949179551539
"3","06",1,0.00489702800368139
"3","06",1,0.00515964936746988
"3","06",1,0.00430671033467202
"3","06",1,0.00414441138219545
"3","06",1,0.00448670648761714
"3","06",1,0.0049171318038822
"3","06",1,0.00774884569946452
"3","06",1,0.00582306188922356
"3","06",1,0.006371006208166
"3","06",1,0.00655387643239625
"3","06",1,0.00484320672021419
"3","06",1,0.00682352064089692
"3","06",1,0.00487231794678715
"3","06",1,0.00582995401104418
"3","06",1,0.0058196711914324
"3","06",1,0.0063966340143909
"3","06",1,0.00896589484270415
"3","06",1,0.00708179377844712
"3","06",1,0.0071738543289826
"3","06",1,0.007716747458166
"3","06",1,0.00843406436412316
"3","06",1,0.00876002306559572
"3","06",1,0.00919927381358768
"3","06",1,0.010376590873494
"3","06",1,0.00884302453815261
"3","06",1,0.00756727547523427
"3","06",1,0.00744863133534137
"3","06",1,0.00719128959170013
"3","06",1,0.0084994768708166
"3","06",1,0.0100237930756359
"3","06",1,0.0124519204016064
"3","06",1,0.0126854292620482
"3","06",1,0.00910336955990629
"3","06",1,0.0130559184889558
"3","06",1,0.0112496666214859
"3","06",1,0.0121149620515395
"3","06",1,0.0106511962851406
"3","06",1,0.0121795786864123
"3","06",1,0.0077750240478581
"3","06",1,0.0116074729902945
"3","06",1,0.0108395705555556
"3","06",1,0.00930861029116466
"3","06",1,0.0107850095314592
"3","06",1,0.00906111253681392
"3","06",1,0.012231625460174
"3","06",1,0.011942938373494
"3","06",1,0.0125268504166667
"3","06",1,0.00966813668674699
"3","06",1,0.0122188881576305
"3","06",1,0.0110722823309906
"3","06",1,0.0074377015143909
"3","06",1,0.0097134977560241
"3","06",1,0.00888792919511379
"3","06",1,0.0075820502894913
"3","06",1,0.0084556411830656
"3","06",1,0.00772994687583668
"3","06",1,0.00655547834002677
"3","06",1,0.00529695415495315
"3","06",1,0.00493822253012048
"3","06",2,0.00703545613119143
"3","06",2,0.00712827333333333
"3","06",2,0.00680900372322624
"3","06",2,0.00760010723895582
"3","06",2,0.00671313578480589
"3","06",2,0.00649110450133869
"3","06",2,0.00632009464022758
"3","06",2,0.00540533605923695
"3","06",2,0.00507559906793842
"3","06",2,0.00492822577309237
"3","06",2,0.00480549499330656
"3","06",2,0.00470742803212851
"3","06",2,0.00470227691767068
"3","06",2,0.00470292164993307
"3","06",2,0.00468190954819277
"3","06",2,0.00466336311412316
"3","06",2,0.00465790917838019
"3","06",2,0.00466756290997323
"3","06",2,0.00466726219210174
"3","06",2,0.00466034108266399
"3","06",2,0.00463470161813922
"3","06",2,0.00464730512717537
"3","06",2,0.00471101955153949
"3","06",2,0.00465999387717537
"3","06",2,0.00468474568942436
"3","06",2,0.00466408477409639
"3","06",2,0.00469148815595716
"3","06",2,0.00468362973058902
"3","06",2,0.00468871181559572
"3","06",2,0.00481406939926372
"3","06",2,0.00574551566767068
"3","06",2,0.00507247277945114
"3","06",2,0.00501277245481928
"3","06",2,0.00629382706659973
"3","06",2,0.00566841958668005
"3","06",2,0.00569437038821954
"3","06",2,0.00613939982931727
"3","06",2,0.00729789633199465
"3","06",2,0.00702256130522088
"3","06",2,0.00879290861780455
"3","06",2,0.00975367862449799
"3","06",2,0.00880702780789826
"3","06",2,0.0124422419360776
"3","06",2,0.0116042328748327
"3","06",2,0.0119641488253012
"3","06",2,0.0123284709839357
"3","06",2,0.00981492589692102
"3","06",2,0.00928630290160643
"3","06",2,0.00869781544009371
"3","06",2,0.00794637014892905
"3","06",2,0.00823381178882195
"3","06",2,0.0104678215813253
"3","06",2,0.00786073620147256
"3","06",2,0.00868316622155288
"3","06",2,0.00870656741967872
"3","06",2,0.00610402106760375
"3","06",2,0.00590857328815261
"3","06",2,0.00561650588353414
"3","06",2,0.00670953234939759
"3","06",2,0.00693858174698795
"3","06",2,0.0067403781793842
"3","06",2,0.00881525469042838
"3","06",2,0.0106525756007363
"3","06",2,0.0105786012650602
"3","06",2,0.010382191273427
"3","06",2,0.00898646642402945
"3","06",2,0.0112739089106426
"3","06",2,0.00944749149933066
"3","06",2,0.00775108156291834
"3","06",2,0.00919383381526104
"3","06",2,0.00733422838688086
"3","06",2,0.00668592484772423
"3","06",2,0.00646302357262383
"3","06",2,0.00578776489625167
"3","06",2,0.00531016953982597
"3","06",2,0.00581577546184739
"3","06",2,0.00553293409136546
"3","06",2,0.00623076041666667
"3","06",2,0.00783459281626506
"3","06",2,0.00580601813420348
"3","06",2,0.00574883147590361
"3","06",2,0.00673638497657296
"3","06",2,0.00689674950468541
"3","06",2,0.00735198177710843
"3","06",2,0.00752913086178046
"3","06",2,0.0057956446686747
"3","06",2,0.00619292317771084
"3","06",2,0.00532248523594377
"3","06",2,0.00621462701472557
"3","06",2,0.00561618970548862
"3","06",2,0.00601010924698795
"3","06",2,0.00925468972891566
"3","06",2,0.00632112384872825
"3","06",2,0.00646632947121821
"3","06",2,0.00666053852911647
"3","06",2,0.00593584525267738
"3","06",2,0.00673224282463186
"3","06",2,0.00554143972054886
"3","06",2,0.00603870038319946
"3","06",2,0.00608680609103079
"3","06",2,0.00696217598728246
"3","06",2,0.00861958425870147
"3","06",2,0.00812563837014726
"3","06",2,0.00765924422356091
"3","06",2,0.00895230853580991
"3","06",2,0.00931499307228916
"3","06",2,0.00911532762048193
"3","06",2,0.00857963601572958
"3","06",2,0.00924623288989291
"3","06",2,0.0102211992319277
"3","06",2,0.00929988798694779
"3","06",2,0.00839057565093708
"3","06",2,0.0095490434019411
"3","06",2,0.00869442689089692
"3","06",2,0.00986232475066934
"3","06",2,0.0110155551321954
"3","06",2,0.0133432931057564
"3","06",2,0.0119391097205489
"3","06",2,0.0146505142419679
"3","06",2,0.0143225265026774
"3","06",2,0.0144959250702811
"3","06",2,0.0137828046686747
"3","06",2,0.0159968680153949
"3","06",2,0.0136138850451807
"3","06",2,0.016774214395917
"3","06",2,0.0163263122958501
"3","06",2,0.0141153891114458
"3","06",2,0.0170803598878849
"3","06",2,0.0149445249949799
"3","06",2,0.015293871291834
"3","06",2,0.0147479715495315
"3","06",2,0.0175458393406961
"3","06",2,0.0151760398376841
"3","06",2,0.0167525505321285
"3","06",2,0.0152692762299197
"3","06",2,0.0121854921603079
"3","06",2,0.0126218003882195
"3","06",2,0.0132403182078313
"3","06",2,0.0108626784822624
"3","06",2,0.0113849898393574
"3","06",2,0.0104943762784471
"3","06",2,0.00893897388554217
"3","06",2,0.00804664925033467
"3","06",2,0.00722100365796519
"3","06",3,0.0149734458500669
"3","06",3,0.0156166643791834
"3","06",3,0.0145933934939759
"3","06",3,0.0144049225133869
"3","06",3,0.0164390762667336
"3","06",3,0.0163325154685408
"3","06",3,0.015201375311245
"3","06",3,0.015499871854083
"3","06",3,0.0162314286278447
"3","06",3,0.0149143010491968
"3","06",3,0.0162466869076305
"3","06",3,0.0133195760525435
"3","06",3,0.0132845323259705
"3","06",3,0.0138583977108434
"3","06",3,0.0134949800518742
"3","06",3,0.0139283246201473
"3","06",3,0.0147062415779786
"3","06",3,0.0147129078514056
"3","06",3,0.0149838634872825
"3","06",3,0.0160640946803882
"3","06",3,0.0155317974949799
"3","06",3,0.0142037589374163
"3","06",3,0.0141072714323963
"3","06",3,0.0146537784939759
"3","06",3,0.0134918378480589
"3","06",3,0.0146261523845382
"3","06",3,0.0144532871368809
"3","06",3,0.0152522197958501
"3","06",3,0.0165662746301874
"3","06",3,0.0144528523376841
"3","06",3,0.0130959553647925
"3","06",3,0.013645096603079
"3","06",3,0.0136480880153949
"3","06",3,0.0136341649916332
"3","06",3,0.0155769501321954
"3","06",3,0.0146500597155288
"3","06",3,0.014362067439759
"3","06",3,0.016761753498996
"3","06",3,0.0161844108266399
"3","06",3,0.0137000305053548
"3","06",3,0.0157635323895582
"3","06",3,0.0172628933165997
"3","06",3,0.0179535500451807
"3","06",3,0.0194830243842035
"3","06",3,0.0178968902961847
"3","06",3,0.0166771898176037
"3","06",3,0.0188585493273092
"3","06",3,0.0165547223276439
"3","06",3,0.0172051291783802
"3","06",3,0.0183227932329317
"3","06",3,0.0190394097423025
"3","06",3,0.0187128957178715
"3","06",3,0.0187982765796519
"3","06",3,0.018732001417336
"3","06",3,0.0184899855220884
"3","06",3,0.0181878260123829
"3","06",3,0.0177328108216198
"3","06",3,0.0184848226054217
"3","06",3,0.0199699111613119
"3","06",3,0.0174355820147256
"3","06",3,0.0169381248995984
"3","06",3,0.0192198794310576
"3","06",3,0.0162820755522088
"3","06",3,0.0197889811746988
"3","06",3,0.0225338129317269
"3","06",3,0.0214306708417001
"3","06",3,0.0219566054467871
"3","06",3,0.0213986276321954
"3","06",3,0.0208233908835341
"3","06",3,0.0209867895883534
"3","06",3,0.0202073101840696
"3","06",3,0.0197800403396921
"3","06",3,0.0202651095080321
"3","06",3,0.0187598260307898
"3","06",3,0.0172844312182062
"3","06",3,0.0175603711261714
"3","06",3,0.0174745073393574
"3","06",3,0.0170914382814592
"3","06",3,0.0188419276690094
"3","06",3,0.0183314703480589
"3","06",3,0.0180934518975904
"3","06",3,0.0178712385927042
"3","06",3,0.0190040288922356
"3","06",3,0.0205967409889558
"3","06",3,0.0219282388353414
"3","06",3,0.0209139967252343
"3","06",3,0.0205792118908969
"3","06",3,0.0202085082864793
"3","06",3,0.019862064688755
"3","06",3,0.0198108833099063
"3","06",3,0.0208274589156626
"3","06",3,0.0201482833383534
"3","06",3,0.0201203106425703
"3","06",3,0.0193347355220884
"3","06",3,0.0189634578597724
"3","06",3,0.0173821093908969
"3","06",3,0.0171641958065596
"3","06",3,0.0179400289006024
"3","06",3,0.0185776739842704
"3","06",3,0.0195809347004685
"3","06",3,0.0207539963186078
"3","06",3,0.0192364007931727
"3","06",3,0.0231286496134538
"3","06",3,0.0201193896971218
"3","06",3,0.0194901678296519
"3","06",3,0.0205794187935074
"3","06",3,0.020874968104083
"3","06",3,0.0227265355070281
"3","06",3,0.0226862286596386
"3","06",3,0.0259489884002677
"3","06",3,0.0245122401489291
"3","06",3,0.0223735636228246
"3","06",3,0.0216221921251673
"3","06",3,0.0190128224882865
"3","06",3,0.0192610095147256
"3","06",3,0.0176759337148594
"3","06",3,0.0183166228748327
"3","06",3,0.0198415109588353
"3","06",3,0.0184438236462517
"3","06",3,0.0180239437248996
"3","06",3,0.0166776349180054
"3","06",3,0.0169914858584337
"3","06",3,0.0176784672623829
"3","06",3,0.0185974108651272
"3","06",3,0.0184654061813922
"3","06",3,0.0203217071552878
"3","06",3,0.0198363631124498
"3","06",3,0.0184024870766399
"3","06",3,0.0193680907145248
"3","06",3,0.0197758373711513
"3","06",3,0.0198832772004685
"3","06",3,0.0199935256559572
"3","06",3,0.021365369563253
"3","06",3,0.0224133086378849
"3","06",3,0.0226670831961178
"3","06",3,0.0206997781492637
"3","06",3,0.0185465039641901
"3","06",3,0.019600791830656
"3","06",3,0.0186349675384873
"3","06",3,0.0193900543072289
"3","06",3,0.0177029025903614
"3","06",3,0.0177320282362784
"3","06",3,0.0185993982195448
"3","06",3,0.0174161404350736
